﻿<?xml version="1.0" encoding="utf-8" ?> 
<ModMetaData>
  <name>Fish Traps</name>
  <author>Hazzer</author>
  <supportedVersions>
    <li>1.3</li>
  </supportedVersions>
  <packageId>warlocksforge.fishtraps</packageId>
  <loadAfter>
    <li>brrainz.harmony</li>
    <li>VanillaExpanded.VCEF</li>
  </loadAfter>
  <modDependencies>
    <li>
      <packageId>brrainz.harmony</packageId>
      <displayName>Harmony</displayName>
      <steamWorkshopUrl>steam://url/CommunityFilePage/2009463077</steamWorkshopUrl>
      <downloadUrl>https://github.com/pardeike/HarmonyRimWorld/releases/latest</downloadUrl>
    </li>
    <li>
      <packageId>VanillaExpanded.VCEF</packageId>
      <displayName>Vanilla Fishing Expanded</displayName>
      <steamWorkshopUrl>steam://url/CommunityFilePage/1914064942</steamWorkshopUrl>
    </li>
  </modDependencies>
  
  <description>Add-on for Vanilla Fishing Expanded. Adds production buildings to catch fish over time.</description>
</ModMetaData>